Date,Close,High,Low,Open,Volume
,2601.TW,2601.TW,2601.TW,2601.TW,2601.TW
2025-02-11,8.577739715576172,8.70915412902832,8.553847312927246,8.6972074508667,772064
2025-02-12,8.613579750061035,8.721100807189941,8.613579750061035,8.673314094543457,807932
2025-02-13,8.888355255126953,8.9719820022583,8.637474060058594,8.637474060058594,2885614
2025-02-14,8.96003532409668,9.055608749389648,8.888355255126953,8.936141967773438,1976652
2025-02-17,9.22286319732666,9.28259563446045,8.936141967773438,9.07950210571289,2876649
2025-02-18,9.07950210571289,9.318436622619629,9.031715393066406,9.318436622619629,1642975
2025-02-19,9.127288818359375,9.22286319732666,9.031715393066406,9.10339641571045,963736
2025-02-20,9.091448783874512,9.270649909973145,9.091448783874512,9.139236450195312,1634291
2025-02-21,9.115342140197754,9.210915565490723,9.055608749389648,9.139236450195312,1089777
2025-02-24,9.449850082397461,9.509584426879883,9.115342140197754,9.115342140197754,4944449
2025-02-25,9.390116691589355,9.545424461364746,9.318436622619629,9.545424461364746,3007734
2025-02-26,9.306489944458008,9.47374439239502,9.28259563446045,9.390116691589355,1409383
2025-02-27,9.748517990112305,10.07107925415039,9.234809875488281,9.270649909973145,14762519
2025-03-03,9.461796760559082,9.724624633789062,9.437904357910156,9.70073127746582,4053684
2025-03-04,9.521531105041504,9.652944564819336,9.306489944458008,9.306489944458008,3034235
2025-03-05,9.569317817687988,9.640997886657715,9.437904357910156,9.59321117401123,2002431
2025-03-06,9.378170013427734,9.605157852172852,9.378170013427734,9.533476829528809,2396309
2025-03-07,9.28259563446045,9.545424461364746,9.28259563446045,9.28259563446045,2122310
2025-03-10,9.545424461364746,9.748517990112305,9.48569107055664,9.48569107055664,5187279
2025-03-11,9.47374439239502,9.533476829528809,9.246755599975586,9.509584426879883,2042988
2025-03-12,9.306489944458008,9.509584426879883,9.294543266296387,9.509584426879883,1812415
2025-03-13,9.246755599975586,9.47374439239502,9.234809875488281,9.354276657104492,1453690
2025-03-14,9.557371139526367,9.557371139526367,9.234809875488281,9.234809875488281,3025112
2025-03-17,9.414010047912598,9.581263542175293,9.414010047912598,9.557371139526367,1545851
2025-03-18,9.378170013427734,9.461796760559082,9.342329978942871,9.461796760559082,1080039
2025-03-19,9.378170013427734,9.521531105041504,9.318436622619629,9.390116691589355,1248365
2025-03-20,9.342329978942871,9.437904357910156,9.33038330078125,9.425956726074219,912294
2025-03-21,9.163128852844238,9.366223335266113,9.163128852844238,9.342329978942871,2079066
2025-03-24,9.151183128356934,9.258703231811523,9.115342140197754,9.17507553100586,1509263
2025-03-25,9.031715393066406,9.246755599975586,9.031715393066406,9.198968887329102,1160300
2025-03-26,9.10339641571045,9.139236450195312,9.019768714904785,9.043662071228027,628572
2025-03-27,9.019768714904785,9.22286319732666,8.995875358581543,9.07950210571289,1192138
2025-03-28,8.756940841674805,9.067556381225586,8.721100807189941,9.067556381225586,1864731
2025-03-31,8.362698554992676,8.637474060058594,8.350752830505371,8.577739715576172,1978158
2025-04-01,8.44632625579834,8.529953002929688,8.374646186828613,8.374646186828613,1521178
2025-04-02,8.506059646606445,8.565793991088867,8.362698554992676,8.458272933959961,820966
2025-04-07,7.657843112945557,7.657843112945557,7.657843112945557,7.657843112945557,1169428
2025-04-08,7.036613941192627,7.299441814422607,6.917147159576416,6.917147159576416,5078008
2025-04-09,6.606532096862793,7.132187843322754,6.582639217376709,7.036613941192627,3928991
2025-04-10,7.263601779937744,7.263601779937744,7.191921234130859,7.251655101776123,1505100
2025-04-11,7.562270164489746,7.645896911621094,7.024666786193848,7.239707946777344,2998390
2025-04-14,7.765364170074463,8.171551704406738,7.7295241355896,7.753417015075684,2196779
2025-04-15,8.064031600952148,8.08792495727539,7.789257049560547,7.8728837966918945,1603122
2025-04-16,7.8489909172058105,8.123764991760254,7.8489909172058105,8.123764991760254,1308394
2025-04-17,7.741469860076904,7.789257049560547,7.645896911621094,7.765364170074463,863485
2025-04-18,7.801204204559326,7.884830951690674,7.753417015075684,7.753417015075684,793557
2025-04-21,7.669789791107178,7.82509708404541,7.669789791107178,7.777309894561768,702854
2025-04-22,7.526429176330566,7.633950233459473,7.4428019523620605,7.4428019523620605,709168
2025-04-23,7.705629825592041,7.741469860076904,7.645896911621094,7.645896911621094,710643
2025-04-24,7.705629825592041,7.705629825592041,7.705629825592041,7.705629825592041,0
2025-04-25,7.5144829750061035,7.705629825592041,7.07245397567749,7.550323009490967,6121115
2025-04-28,7.359175205230713,7.562270164489746,7.287495136260986,7.526429176330566,1968912
2025-04-29,7.466695785522461,7.598110198974609,7.34722900390625,7.34722900390625,1354399
2025-04-30,7.34722900390625,7.5144829750061035,7.34722900390625,7.47864294052124,1296918
2025-05-02,7.550323009490967,7.645896911621094,7.383069038391113,7.418909072875977,1988483
2025-05-05,7.32333517074585,7.669789791107178,7.32333517074585,7.645896911621094,1556379
2025-05-06,7.371121883392334,7.4428019523620605,7.335281848907471,7.406961917877197,1094454
2025-05-07,7.466695785522461,7.47864294052124,7.371121883392334,7.418909072875977,942016
2025-05-08,7.526429176330566,7.645896911621094,7.466695785522461,7.466695785522461,1408429
2025-05-09,7.490589141845703,7.574215888977051,7.466695785522461,7.526429176330566,411945
2025-05-12,7.669789791107178,7.7295241355896,7.550323009490967,7.550323009490967,1424126
2025-05-13,7.8489909172058105,8.004298210144043,7.801204204559326,7.8489909172058105,1542165
2025-05-14,7.884830951690674,7.944563865661621,7.837043762207031,7.8728837966918945,1497313
2025-05-15,7.82509708404541,8.016244888305664,7.82509708404541,7.9565110206604,1196770
2025-05-16,8.362698554992676,8.434379577636719,7.932618141174316,7.980404853820801,5839011
2025-05-19,8.183499336242676,8.48216724395752,8.171551704406738,8.48216724395752,2571480
2025-05-20,8.028190612792969,8.267126083374023,8.028190612792969,8.23128604888916,1249054
2025-05-21,7.944563865661621,8.064031600952148,7.944563865661621,8.040138244628906,1017240
2025-05-22,8.040138244628906,8.040138244628906,7.837043762207031,7.932618141174316,783545
2025-05-23,7.908723831176758,8.08792495727539,7.908723831176758,8.08792495727539,793524
2025-05-26,7.813150882720947,7.980404853820801,7.813150882720947,7.908723831176758,835359
2025-05-27,7.765364170074463,7.8728837966918945,7.765364170074463,7.801204204559326,641513
2025-05-28,7.645896911621094,7.860937118530273,7.645896911621094,7.765364170074463,816961
2025-05-29,7.574215888977051,7.657843112945557,7.526429176330566,7.550323009490967,745401
2025-06-02,7.418909072875977,7.574215888977051,7.395016193389893,7.502535820007324,845451
2025-06-03,7.359175205230713,7.5144829750061035,7.359175205230713,7.466695785522461,878853
2025-06-04,7.406961917877197,7.45474910736084,7.371121883392334,7.371121883392334,561659
2025-06-05,7.311388969421387,7.430856227874756,7.287495136260986,7.395016193389893,940682
2025-06-06,7.287495136260986,7.371121883392334,7.275547981262207,7.32333517074585,917566
2025-06-09,7.2038679122924805,7.359175205230713,7.1799750328063965,7.359175205230713,688450
2025-06-10,7.299441814422607,7.383069038391113,7.227762222290039,7.227762222290039,1073239
2025-06-11,7.275547981262207,7.34722900390625,7.263601779937744,7.299441814422607,764077
2025-06-12,7.239707946777344,7.335281848907471,7.239707946777344,7.335281848907471,747690
2025-06-13,7.191921234130859,7.263601779937744,7.1799750328063965,7.2038679122924805,757239
2025-06-16,7.2038679122924805,7.263601779937744,7.132187843322754,7.263601779937744,710434
2025-06-17,7.168027877807617,7.263601779937744,7.168027877807617,7.251655101776123,603917
2025-06-18,7.191921234130859,7.263601779937744,7.168027877807617,7.168027877807617,730087
2025-06-19,7.1082940101623535,7.239707946777344,7.1082940101623535,7.191921234130859,1089580
2025-06-20,7.1799750328063965,7.2038679122924805,6.905200004577637,7.144134998321533,2111461
2025-06-23,6.893253803253174,7.120241165161133,6.893253803253174,7.120241165161133,1602351
2025-06-24,7.036613941192627,7.1082940101623535,7.000773906707764,7.012721061706543,696402
2025-06-25,7.024666786193848,7.0844011306762695,6.97688102722168,7.0844011306762695,716821
2025-06-26,7.096347808837891,7.168027877807617,7.000773906707764,7.024666786193848,1030636
2025-06-27,7.120241165161133,7.2038679122924805,7.096347808837891,7.096347808837891,839701
2025-06-30,6.97688102722168,7.132187843322754,6.97688102722168,7.132187843322754,738604
2025-07-01,7.012721061706543,7.0844011306762695,6.9649338722229,6.97688102722168,644405
2025-07-02,7.132187843322754,7.144134998321533,7.036613941192627,7.07245397567749,600248
2025-07-03,7.311388969421387,7.335281848907471,7.144134998321533,7.144134998321533,1553086
2025-07-04,7.2038679122924805,7.359175205230713,7.191921234130859,7.34722900390625,736109
2025-07-07,7.048561096191406,7.21581506729126,7.048561096191406,7.21581506729126,413044
2025-07-08,6.9410400390625,7.048561096191406,6.929093837738037,7.048561096191406,596863
2025-07-09,6.9410400390625,7.012721061706543,6.905200004577637,6.9410400390625,411596
2025-07-10,6.917147159576416,6.9649338722229,6.893253803253174,6.952987194061279,562531
2025-07-11,6.929093837738037,6.988827228546143,6.857412815093994,6.929093837738037,767180
2025-07-14,6.9649338722229,7.1082940101623535,6.881307125091553,6.881307125091553,644227
2025-07-15,6.9410400390625,7.036613941192627,6.929093837738037,7.036613941192627,566350
2025-07-16,6.952987194061279,7.012721061706543,6.9410400390625,6.9410400390625,501167
2025-07-17,7.0844011306762695,7.0844011306762695,7.000773906707764,7.000773906707764,763133
2025-07-18,7.048561096191406,7.168027877807617,7.036613941192627,7.156081199645996,656645
2025-07-21,7.012721061706543,7.096347808837891,7.012721061706543,7.048561096191406,547240
2025-07-22,6.869359970092773,7.060507774353027,6.857412815093994,7.024666786193848,1166043
2025-07-23,7.048561096191406,7.07245397567749,6.905200004577637,6.905200004577637,996926
2025-07-24,7.060507774353027,7.168027877807617,7.024666786193848,7.144134998321533,514184
2025-07-25,7.191921234130859,7.406961917877197,7.048561096191406,7.048561096191406,1901024
2025-07-28,7.144134998321533,7.21581506729126,7.096347808837891,7.2038679122924805,1169195
2025-07-29,7.060507774353027,7.263601779937744,7.060507774353027,7.156081199645996,1048220
2025-07-30,7.096347808837891,7.168027877807617,7.024666786193848,7.07245397567749,498621
2025-07-31,6.952987194061279,7.096347808837891,6.9410400390625,7.096347808837891,1136766
2025-08-04,7.060507774353027,7.096347808837891,6.857412815093994,6.97688102722168,1397524
2025-08-05,7.07245397567749,7.144134998321533,7.036613941192627,7.060507774353027,727854
2025-08-06,7.168027877807617,7.239707946777344,7.0844011306762695,7.0844011306762695,1248169
2025-08-07,7.1799750328063965,7.263601779937744,7.132187843322754,7.168027877807617,583953
2025-08-08,7.227762222290039,7.299441814422607,7.1799750328063965,7.1799750328063965,1081611
2025-08-11,7.299441814422607,7.32333517074585,7.239707946777344,7.239707946777344,1168225
2025-08-12,7.383069038391113,7.47864294052124,7.34722900390625,7.34722900390625,2180899
2025-08-13,7.287495136260986,7.466695785522461,7.263601779937744,7.45474910736084,2002477
2025-08-14,7.430856227874756,7.47864294052124,7.311388969421387,7.359175205230713,2010757
2025-08-15,7.45474910736084,7.502535820007324,7.371121883392334,7.45474910736084,1431079
2025-08-18,7.5144829750061035,7.598110198974609,7.418909072875977,7.4428019523620605,1604402
2025-08-19,7.502535820007324,7.598110198974609,7.406961917877197,7.490589141845703,1425765
2025-08-20,7.395016193389893,7.550323009490967,7.287495136260986,7.550323009490967,1509168
2025-08-21,7.490589141845703,7.502535820007324,7.406961917877197,7.406961917877197,823622
2025-08-22,7.311388969421387,7.490589141845703,7.275547981262207,7.490589141845703,1324700
2025-08-25,7.239707946777344,7.371121883392334,7.21581506729126,7.34722900390625,929350
2025-08-26,7.132187843322754,7.227762222290039,7.060507774353027,7.2038679122924805,1203289
2025-08-27,7.144134998321533,7.21581506729126,7.120241165161133,7.120241165161133,591989
2025-08-28,7.168027877807617,7.239707946777344,7.120241165161133,7.132187843322754,612624
2025-08-29,7.132187843322754,7.2038679122924805,7.1082940101623535,7.2038679122924805,521103
2025-09-01,7.060507774353027,7.2038679122924805,7.024666786193848,7.0844011306762695,518142
2025-09-02,7.048561096191406,7.120241165161133,6.988827228546143,7.048561096191406,454982
2025-09-03,7.024666786193848,7.1082940101623535,7.024666786193848,7.048561096191406,324516
2025-09-04,7.07245397567749,7.132187843322754,7.036613941192627,7.036613941192627,583172
2025-09-05,7.0844011306762695,7.0844011306762695,7.036613941192627,7.0844011306762695,593234
2025-09-08,7.000773906707764,7.096347808837891,6.988827228546143,7.07245397567749,732700
2025-09-09,7.012721061706543,7.048561096191406,6.9649338722229,7.000773906707764,862957
2025-09-10,7.060507774353027,7.0844011306762695,6.9649338722229,6.988827228546143,587780
2025-09-11,6.9649338722229,7.0844011306762695,6.9649338722229,7.036613941192627,792041
2025-09-12,6.9649338722229,7.024666786193848,6.9410400390625,6.9649338722229,860909
2025-09-15,6.929093837738037,6.9649338722229,6.881307125091553,6.893253803253174,701700
2025-09-16,6.9410400390625,6.952987194061279,6.893253803253174,6.929093837738037,562573
2025-09-17,7.000773906707764,7.0844011306762695,6.929093837738037,6.9410400390625,562930
2025-09-18,7.0844011306762695,7.0844011306762695,7.036613941192627,7.036613941192627,819581
2025-09-19,7.048561096191406,7.0844011306762695,6.988827228546143,7.07245397567749,582163
2025-09-22,6.917147159576416,7.048561096191406,6.809627056121826,7.048561096191406,797935
2025-09-23,6.821572780609131,6.905200004577637,6.785733222961426,6.905200004577637,1285276
2025-09-24,6.797679901123047,6.869359970092773,6.785733222961426,6.809627056121826,899142
2025-09-25,6.929093837738037,7.048561096191406,6.785733222961426,6.785733222961426,975210
2025-09-26,6.917147159576416,7.096347808837891,6.809627056121826,6.917147159576416,828563
2025-09-30,6.869359970092773,6.929093837738037,6.83351993560791,6.917147159576416,760043
2025-10-01,6.869359970092773,6.917147159576416,6.821572780609131,6.821572780609131,488250
2025-10-02,6.8454670906066895,6.893253803253174,6.797679901123047,6.869359970092773,966576
2025-10-03,6.857412815093994,6.869359970092773,6.797679901123047,6.8454670906066895,663430
2025-10-07,6.821572780609131,6.881307125091553,6.809627056121826,6.809627056121826,932130
2025-10-08,6.83351993560791,6.869359970092773,6.809627056121826,6.821572780609131,462956
2025-10-09,6.9410400390625,7.048561096191406,6.857412815093994,6.857412815093994,1707389
2025-10-13,6.893253803253174,6.929093837738037,6.797679901123047,6.905200004577637,763254
2025-10-14,7.251655101776123,7.466695785522461,6.929093837738037,6.929093837738037,5160007
2025-10-15,7.024666786193848,7.2038679122924805,6.988827228546143,7.168027877807617,2287932
2025-10-16,7.1082940101623535,7.168027877807617,7.048561096191406,7.1082940101623535,1009605
2025-10-17,7.120241165161133,7.275547981262207,7.1082940101623535,7.144134998321533,1293071
2025-10-20,6.988827228546143,7.168027877807617,6.988827228546143,7.144134998321533,912672
2025-10-21,6.929093837738037,7.048561096191406,6.929093837738037,6.929093837738037,882957
2025-10-22,6.9410400390625,7.012721061706543,6.929093837738037,6.929093837738037,834111
2025-10-23,6.952987194061279,6.988827228546143,6.869359970092773,6.929093837738037,625383
2025-10-27,6.893253803253174,6.97688102722168,6.893253803253174,6.9649338722229,1297110
2025-10-28,6.869359970092773,6.929093837738037,6.8454670906066895,6.893253803253174,718710
2025-10-29,6.893253803253174,6.929093837738037,6.8454670906066895,6.893253803253174,843897
2025-10-30,7.048561096191406,7.0844011306762695,6.857412815093994,6.929093837738037,1910782
2025-10-31,6.881307125091553,7.048561096191406,6.881307125091553,7.048561096191406,973007
2025-11-03,6.83351993560791,6.881307125091553,6.809627056121826,6.881307125091553,732602
2025-11-04,6.809627056121826,6.869359970092773,6.797679901123047,6.83351993560791,589509
2025-11-05,6.785733222961426,6.809627056121826,6.690158843994141,6.809627056121826,821583
2025-11-06,6.893253803253174,6.929093837738037,6.785733222961426,6.785733222961426,793222
2025-11-07,6.821572780609131,6.929093837738037,6.809627056121826,6.905200004577637,702152
2025-11-10,6.7498931884765625,6.83351993560791,6.72599983215332,6.83351993560791,682113
2025-11-11,6.7498931884765625,6.857412815093994,6.690158843994141,6.7498931884765625,742227
2025-11-12,6.7498931884765625,6.809627056121826,6.714053153991699,6.7498931884765625,819060
2025-11-13,6.761839866638184,6.809627056121826,6.737946033477783,6.7498931884765625,855099
2025-11-14,6.7498931884765625,6.869359970092773,6.70210599899292,6.70210599899292,715671
2025-11-17,6.666265964508057,6.821572780609131,6.666265964508057,6.821572780609131,848951
2025-11-18,6.59458589553833,6.7498931884765625,6.582639217376709,6.666265964508057,895560
2025-11-19,6.606532096862793,6.642373085021973,6.57069206237793,6.642373085021973,656067
2025-11-20,6.59458589553833,6.666265964508057,6.582639217376709,6.606532096862793,616078
2025-11-21,6.415384769439697,6.606532096862793,6.391491889953613,6.546799182891846,1539427
2025-11-24,6.403438091278076,6.4512248039245605,6.379545211791992,6.415384769439697,587747
2025-11-25,6.4512248039245605,6.534852027893066,6.403438091278076,6.415384769439697,712987
2025-11-26,6.714053153991699,6.785733222961426,6.46317195892334,6.46317195892334,1433230
2025-11-27,6.630425930023193,6.785733222961426,6.582639217376709,6.785733222961426,584709
2025-11-28,6.59458589553833,6.678213119506836,6.582639217376709,6.59458589553833,634395
2025-12-01,6.606532096862793,6.7498931884765625,6.57069206237793,6.59458589553833,849957
2025-12-02,6.654318809509277,6.7737860679626465,6.606532096862793,6.618478775024414,1038100
2025-12-03,6.666265964508057,6.714053153991699,6.606532096862793,6.654318809509277,531215
2025-12-04,7.1799750328063965,7.299441814422607,6.714053153991699,6.714053153991699,5544085
2025-12-05,6.9410400390625,7.168027877807617,6.8454670906066895,7.168027877807617,2809169
2025-12-08,6.869359970092773,6.9410400390625,6.83351993560791,6.9410400390625,1119903
2025-12-09,6.797679901123047,6.869359970092773,6.797679901123047,6.869359970092773,741076
2025-12-10,6.714053153991699,6.83351993560791,6.690158843994141,6.809627056121826,896793
2025-12-11,6.70210599899292,6.7737860679626465,6.678213119506836,6.690158843994141,696895
2025-12-12,6.72599983215332,6.737946033477783,6.690158843994141,6.714053153991699,604720
2025-12-15,6.7737860679626465,6.809627056121826,6.690158843994141,6.7737860679626465,865763
2025-12-16,6.70210599899292,6.7737860679626465,6.654318809509277,6.7737860679626465,733708
2025-12-17,6.690158843994141,6.761839866638184,6.678213119506836,6.690158843994141,623790
2025-12-18,6.558745861053467,6.737946033477783,6.558745861053467,6.737946033477783,1139234
2025-12-19,6.606532096862793,6.642373085021973,6.558745861053467,6.582639217376709,741922
2025-12-22,6.618478775024414,6.642373085021973,6.558745861053467,6.630425930023193,652514
2025-12-23,6.618478775024414,6.666265964508057,6.582639217376709,6.630425930023193,390022
2025-12-24,6.59458589553833,6.690158843994141,6.582639217376709,6.618478775024414,532785
2025-12-26,6.534852027893066,6.57069206237793,6.487064838409424,6.487064838409424,1245531
2025-12-29,6.558745861053467,6.630425930023193,6.510959148406982,6.534852027893066,673148
2025-12-30,6.534852027893066,6.546799182891846,6.487064838409424,6.546799182891846,686967
2025-12-31,6.487064838409424,6.534852027893066,6.4512248039245605,6.475119113922119,866374
2026-01-02,6.427331924438477,6.510959148406982,6.427331924438477,6.487064838409424,780654
2026-01-05,6.379545211791992,6.427331924438477,6.367598056793213,6.427331924438477,1273758
2026-01-06,6.391491889953613,6.4512248039245605,6.367598056793213,6.379545211791992,905792
2026-01-07,6.606532096862793,6.618478775024414,6.391491889953613,6.391491889953613,1504014
2026-01-08,6.606532096862793,6.785733222961426,6.582639217376709,6.654318809509277,1339058
2026-01-09,6.59458589553833,6.630425930023193,6.510959148406982,6.630425930023193,712451
2026-01-12,6.57069206237793,6.642373085021973,6.546799182891846,6.59458589553833,864561
2026-01-13,6.499011993408203,6.59458589553833,6.487064838409424,6.558745861053467,921794
2026-01-14,6.7498931884765625,6.7498931884765625,6.475119113922119,6.475119113922119,2702425
2026-01-15,6.7498931884765625,6.8454670906066895,6.618478775024414,6.737946033477783,948993
2026-01-16,6.630425930023193,6.7498931884765625,6.59458589553833,6.7498931884765625,985953
2026-01-19,6.70210599899292,6.761839866638184,6.57069206237793,6.582639217376709,1735595
2026-01-20,6.678213119506836,6.785733222961426,6.678213119506836,6.785733222961426,1162769
2026-01-21,6.642373085021973,6.7498931884765625,6.630425930023193,6.678213119506836,1049990
2026-01-22,6.678213119506836,6.7498931884765625,6.666265964508057,6.666265964508057,1152189
2026-01-23,6.582639217376709,6.678213119506836,6.57069206237793,6.630425930023193,1184027
2026-01-26,6.761839866638184,6.893253803253174,6.57069206237793,6.57069206237793,2277323
2026-01-27,6.83351993560791,6.869359970092773,6.761839866638184,6.7737860679626465,1638659
2026-01-28,6.869359970092773,7.156081199645996,6.857412815093994,6.917147159576416,2548627
2026-01-29,6.690158843994141,6.8454670906066895,6.678213119506836,6.8454670906066895,1687117
2026-01-30,6.59458589553833,6.72599983215332,6.582639217376709,6.714053153991699,924998
2026-02-02,6.4392781257629395,6.606532096862793,6.4392781257629395,6.606532096862793,1797979
2026-02-03,6.415384769439697,6.558745861053467,6.379545211791992,6.558745861053467,1087488
2026-02-04,6.522904872894287,6.534852027893066,6.415384769439697,6.415384769439697,869337
2026-02-05,6.510959148406982,6.558745861053467,6.475119113922119,6.475119113922119,695980
2026-02-06,6.427331924438477,6.642373085021973,6.391491889953613,6.510959148406982,1342344
2026-02-09,6.4512248039245605,6.46317195892334,6.415384769439697,6.4512248039245605,838374
2026-02-10,6.475119113922119,6.510959148406982,6.403438091278076,6.475119113922119,728997
2026-02-11,6.415384769439697,6.4512248039245605,6.367598056793213,6.367598056793213,1230650
2026-02-23,6.4512248039245605,6.475119113922119,6.403438091278076,6.415384769439697,1492109
2026-02-24,6.46317195892334,6.534852027893066,6.4392781257629395,6.4512248039245605,963981
2026-02-25,6.46317195892334,6.487064838409424,6.427331924438477,6.46317195892334,1129687
2026-02-26,6.4512248039245605,6.475119113922119,6.403438091278076,6.4512248039245605,1128568
2026-03-02,6.499011993408203,6.690158843994141,6.4512248039245605,6.582639217376709,1860386
2026-03-03,7.144134998321533,7.144134998321533,6.475119113922119,6.499011993408203,7784954
2026-03-04,7.8489909172058105,7.8489909172058105,7.8489909172058105,7.8489909172058105,8647952
2026-03-05,8.58968734741211,8.625527381896973,7.992351055145264,8.625527381896973,29774395
2026-03-06,8.111818313598633,8.649420738220215,7.9565110206604,8.625527381896973,9721631
2026-03-09,8.255179405212402,8.541899681091309,7.5144829750061035,8.183499336242676,7937712
2026-03-10,7.705629825592041,8.219339370727539,7.705629825592041,8.219339370727539,4806105
2026-03-11,7.801204204559326,7.944563865661621,7.526429176330566,7.69368314743042,3602485
2026-03-12,7.669789791107178,7.884830951690674,7.645896911621094,7.765364170074463,3465511
2026-03-13,7.430856227874756,7.69368314743042,7.311388969421387,7.69368314743042,3885945
2026-03-16,7.32333517074585,7.5383758544921875,7.287495136260986,7.430856227874756,2334016
2026-03-17,7.657843112945557,7.657843112945557,7.335281848907471,7.371121883392334,2596802
2026-03-18,7.45474910736084,7.705629825592041,7.4428019523620605,7.705629825592041,2567077
2026-03-19,7.311388969421387,7.490589141845703,7.287495136260986,7.34722900390625,1869385
2026-03-20,7.335281848907471,7.47864294052124,7.311388969421387,7.32333517074585,1985195
2026-03-23,7.191921234130859,7.550323009490967,7.168027877807617,7.395016193389893,2496663
2026-03-24,7.2038679122924805,7.299441814422607,7.036613941192627,7.263601779937744,1853772
2026-03-25,7.168027877807617,7.275547981262207,7.120241165161133,7.227762222290039,1107233
2026-03-26,7.21581506729126,7.311388969421387,7.120241165161133,7.132187843322754,959663
2026-03-27,7.1799750328063965,7.263601779937744,7.07245397567749,7.2038679122924805,975200
2026-03-30,7.359175205230713,7.406961917877197,7.156081199645996,7.156081199645996,2000832
2026-03-31,7.0844011306762695,7.359175205230713,7.060507774353027,7.34722900390625,1389504
2026-04-01,7.144134998321533,7.2038679122924805,7.1082940101623535,7.2038679122924805,607546
2026-04-02,7.060507774353027,7.239707946777344,7.048561096191406,7.239707946777344,666773
2026-04-07,6.917147159576416,7.048561096191406,6.893253803253174,7.048561096191406,1042133
2026-04-08,6.893253803253174,6.988827228546143,6.821572780609131,6.988827228546143,1079161
2026-04-09,6.7737860679626465,6.869359970092773,6.761839866638184,6.869359970092773,1374084
2026-04-10,6.809627056121826,6.821572780609131,6.7498931884765625,6.7737860679626465,1173170
2026-04-13,6.7498931884765625,6.809627056121826,6.666265964508057,6.809627056121826,925857
2026-04-14,6.7498931884765625,6.809627056121826,6.690158843994141,6.7498931884765625,1419596
2026-04-15,6.821572780609131,6.9649338722229,6.761839866638184,6.761839866638184,1524358
2026-04-16,6.83351993560791,6.905200004577637,6.809627056121826,6.8454670906066895,1038853
2026-04-17,6.737946033477783,6.83351993560791,6.690158843994141,6.809627056121826,993808
2026-04-20,6.606532096862793,6.737946033477783,6.582639217376709,6.737946033477783,1396366
2026-04-21,6.630425930023193,6.714053153991699,6.546799182891846,6.57069206237793,1208452
2026-04-22,6.618478775024414,6.70210599899292,6.582639217376709,6.630425930023193,874792
2026-04-23,6.522904872894287,6.606532096862793,6.46317195892334,6.59458589553833,1455485
2026-04-24,6.4512248039245605,6.57069206237793,6.427331924438477,6.57069206237793,1147240
2026-04-27,6.367598056793213,6.4512248039245605,6.343705177307129,6.4512248039245605,1596668
2026-04-28,6.415384769439697,6.415384769439697,6.367598056793213,6.379545211791992,845086
2026-04-29,6.18839693069458,6.343705177307129,6.176451206207275,6.33175802230835,3600996
2026-04-30,5.985302925109863,6.0928239822387695,5.853888988494873,6.0928239822387695,3912706
2026-05-04,5.901676177978516,5.973357200622559,5.794156074523926,5.925570011138916,2600792
2026-05-05,5.925570011138916,6.021142959594727,5.865836143493652,5.901676177978516,2227934
2026-05-06,5.84194278717041,5.973357200622559,5.81804895401001,5.949462890625,2609232
2026-05-07,5.877782821655273,5.901676177978516,5.722476005554199,5.81804895401001,2630247
2026-05-08,5.865836143493652,5.913622856140137,5.806103229522705,5.889729976654053,1501550
2026-05-11,5.937516212463379,5.961410045623779,5.853888988494873,5.865836143493652,1359957
2026-05-12,5.889729976654053,6.0928239822387695,5.877782821655273,6.0928239822387695,2005969
2026-05-13,5.7583160400390625,5.949462890625,5.7583160400390625,5.949462890625,1694176
2026-05-14,5.6866350173950195,5.853888988494873,5.674688816070557,5.7583160400390625,1538749
2026-05-15,5.674688816070557,5.901676177978516,5.674688816070557,5.901676177978516,1734471
2026-05-18,5.734422206878662,5.746368885040283,5.614954948425293,5.6866350173950195,921203
2026-05-19,5.973357200622559,6.0928239822387695,5.7822089195251465,5.829996109008789,3042288
2026-05-20,5.913622856140137,6.152556896209717,5.84194278717041,5.997250080108643,1693772
2026-05-21,5.985302925109863,6.009197235107422,5.877782821655273,5.973357200622559,1934587
2026-05-22,6.009197235107422,6.033090114593506,5.913622856140137,5.985302925109863,1850389
2026-05-25,6.068930149078369,6.18839693069458,5.961410045623779,6.164504051208496,2668717
2026-05-26,6.033090114593506,6.104770183563232,5.973357200622559,6.104770183563232,1745773
2026-05-27,5.973357200622559,6.033090114593506,5.949462890625,5.973357200622559,1874765
2026-05-28,6.045036792755127,6.045036792755127,5.925570011138916,5.973357200622559,1757874
2026-05-29,6.260077953338623,6.272024154663086,6.033090114593506,6.0928239822387695,3836033
2026-06-01,6.881307125091553,6.881307125091553,6.152556896209717,6.260077953338623,4901451
2026-06-02,7.562270164489746,7.562270164489746,7.490589141845703,7.562270164489746,5239814
2026-06-03,7.645896911621094,8.23128604888916,7.598110198974609,8.23128604888916,14538017
2026-06-04,7.263601779937744,7.406961917877197,7.168027877807617,7.34722900390625,5773642
2026-06-05,7.371121883392334,7.622003078460693,7.191921234130859,7.263601779937744,4537701
2026-06-08,7.036613941192627,7.168027877807617,6.821572780609131,6.821572780609131,2891112
2026-06-09,7.024666786193848,7.275547981262207,7.000773906707764,7.036613941192627,1696960
2026-06-10,6.9649338722229,7.156081199645996,6.952987194061279,7.024666786193848,1586270
2026-06-11,6.821572780609131,7.036613941192627,6.630425930023193,7.036613941192627,1276428
2026-06-12,6.869359970092773,6.97688102722168,6.785733222961426,6.785733222961426,1496649
2026-06-15,6.988827228546143,7.144134998321533,6.9410400390625,6.97688102722168,1143749
2026-06-16,6.83351993560791,6.988827228546143,6.809627056121826,6.988827228546143,1222511
2026-06-17,7.048561096191406,7.227762222290039,6.630425930023193,6.9410400390625,2308710
2026-06-18,6.9410400390625,7.144134998321533,6.929093837738037,7.132187843322754,1453848
2026-06-22,6.785733222961426,7.168027877807617,6.690158843994141,7.168027877807617,2308462
2026-06-23,6.654318809509277,6.785733222961426,6.57069206237793,6.785733222961426,1903703
2026-06-24,6.618478775024414,6.70210599899292,6.522904872894287,6.630425930023193,1044723
2026-06-25,6.558745861053467,6.690158843994141,6.558745861053467,6.618478775024414,1435685
2026-06-26,6.391491889953613,6.642373085021973,6.391491889953613,6.427331924438477,1765215
2026-06-29,6.4392781257629395,6.510959148406982,6.391491889953613,6.391491889953613,934655
2026-06-30,6.510959148406982,6.510959148406982,6.403438091278076,6.510959148406982,1316336
2026-07-01,6.487064838409424,6.558745861053467,6.415384769439697,6.510959148406982,899356
2026-07-02,6.522904872894287,6.582639217376709,6.475119113922119,6.582639217376709,1049696
2026-07-03,7.168027877807617,7.168027877807617,6.522904872894287,6.522904872894287,4370186
2026-07-06,7.884830951690674,7.884830951690674,7.884830951690674,7.884830951690674,4842699
2026-07-07,8.207391738891602,8.60163402557373,8.004298210144043,8.302966117858887,23575034
2026-07-08,9.019768714904785,9.019768714904785,8.302966117858887,8.362698554992676,22415818
2026-07-09,9.533476829528809,9.891879081726074,9.318436622619629,9.318436622619629,31505658
2026-07-10,9.533476829528809,9.533476829528809,9.533476829528809,9.533476829528809,0
2026-07-13,8.733048439025879,9.772412300109863,8.649420738220215,9.581263542175293,17855838
2026-07-14,8.60163402557373,8.900301933288574,8.255179405212402,8.804727554321289,10452009
2026-07-15,8.529953002929688,8.60163402557373,8.267126083374023,8.60163402557373,5902291
2026-07-16,8.314912796020508,8.541899681091309,8.302966117858887,8.529953002929688,3992486
2026-07-17,8.004298210144043,8.302966117858887,7.96845817565918,8.302966117858887,4769079
2026-07-20,7.8489909172058105,8.267126083374023,7.837043762207031,8.064031600952148,3224613
2026-07-21,8.183499336242676,8.60163402557373,7.860937118530273,7.9565110206604,2599961
2026-07-22,8.064031600952148,8.386592864990234,8.064031600952148,8.183499336242676,2543436
2026-07-23,7.801204204559326,8.302966117858887,7.777309894561768,8.19544506072998,2527141
2026-07-24,7.944563865661621,7.992351055145264,7.765364170074463,7.765364170074463,1823690
2026-07-27,7.765364170074463,8.123764991760254,7.71757698059082,8.064031600952148,1729355
2026-07-28,7.45474910736084,7.69368314743042,7.406961917877197,7.69368314743042,2566955
2026-07-29,7.406961917877197,7.526429176330566,7.168027877807617,7.526429176330566,3074228
2026-07-30,7.275547981262207,7.406961917877197,7.168027877807617,7.383069038391113,1919730
2026-07-31,7.359175205230713,7.502535820007324,7.32333517074585,7.406961917877197,1377152
2026-08-03,7.45474910736084,7.490589141845703,7.239707946777344,7.359175205230713,1583096
2026-08-04,7.47864294052124,7.622003078460693,7.406961917877197,7.466695785522461,1322176
2026-08-05,7.765364170074463,7.944563865661621,7.526429176330566,7.526429176330566,2839376
2026-08-06,7.490589141845703,7.765364170074463,7.406961917877197,7.645896911621094,2209024
2026-08-07,7.466695785522461,7.598110198974609,7.45474910736084,7.490589141845703,996813
2026-08-10,7.550323009490967,7.574215888977051,7.371121883392334,7.466695785522461,1227640
2026-08-11,7.4428019523620605,7.574215888977051,7.32333517074585,7.574215888977051,1138531
2026-08-12,7.359175205230713,7.4428019523620605,7.263601779937744,7.359175205230713,1957617
2026-08-13,7.383069038391113,7.418909072875977,7.311388969421387,7.359175205230713,880141
2026-08-14,7.406961917877197,7.4428019523620605,7.299441814422607,7.383069038391113,1440973
2026-08-17,7.406961917877197,7.526429176330566,7.311388969421387,7.406961917877197,1262094
2026-08-18,8.147659301757812,8.147659301757812,7.765364170074463,7.765364170074463,4049108
2026-08-19,8.267126083374023,8.60163402557373,7.765364170074463,8.19544506072998,10648414
2026-08-20,8.028190612792969,8.362698554992676,7.9565110206604,8.362698554992676,4451246
2026-08-21,8.828620910644531,8.828620910644531,8.07597827911377,8.099871635437012,10162426
2026-08-24,8.625527381896973,9.59321117401123,8.48216724395752,9.59321117401123,17102955
2026-08-25,8.565793991088867,8.876407623291016,8.386592864990234,8.48216724395752,6311469
2026-08-26,8.243231773376465,8.565793991088867,8.219339370727539,8.458272933959961,5291896
2026-08-27,8.19544506072998,8.326859474182129,8.111818313598633,8.19544506072998,1915347
2026-08-28,8.099871635437012,8.207391738891602,8.064031600952148,8.207391738891602,1928280
2026-08-31,8.123764991760254,8.243231773376465,8.07597827911377,8.123764991760254,1574157
2026-09-01,8.07597827911377,8.159605026245117,8.064031600952148,8.135711669921875,1433374
2026-09-02,8.159605026245117,8.159605026245117,8.040138244628906,8.123764991760254,1383625
2026-09-03,8.052084922790527,8.350752830505371,8.052084922790527,8.183499336242676,1952351
2026-09-04,8.111818313598633,8.33880615234375,7.992351055145264,7.992351055145264,1442139
2026-09-07,8.123764991760254,8.183499336242676,8.028190612792969,8.111818313598633,1681209
2026-09-08,8.123764991760254,8.183499336242676,8.08792495727539,8.123764991760254,1433644
2026-09-09,8.183499336242676,8.219339370727539,8.08792495727539,8.135711669921875,1858472
2026-09-10,7.9565110206604,8.219339370727539,7.920670986175537,8.171551704406738,2622616
2026-09-11,7.813150882720947,7.992351055145264,7.789257049560547,7.9565110206604,2079636
2026-09-14,7.622003078460693,7.789257049560547,7.58616304397583,7.789257049560547,1557673
2026-09-15,7.4428019523620605,7.622003078460693,7.418909072875977,7.622003078460693,1675039
2026-09-16,7.418909072875977,7.502535820007324,7.395016193389893,7.4428019523620605,1392574
2026-09-17,7.526429176330566,7.562270164489746,7.406961917877197,7.418909072875977,1145119
2026-09-18,7.07245397567749,7.526429176330566,7.07245397567749,7.526429176330566,20068844
2026-09-21,7.0844011306762695,7.156081199645996,6.917147159576416,6.929093837738037,5592947
2026-09-22,7.060507774353027,7.0844011306762695,6.97688102722168,7.07245397567749,3329519
2026-09-23,7.060510158538818,7.060510158538818,7.060510158538818,7.060510158538818,0
